<?xml version="1.0" encoding="UTF-8"?>
<templates id="template" xml:space="preserve">
	<t t-name="ProductCreatePopup" owl="1">
		<div role="dialog" class="modal-dialog">
			<Draggable>
				<div class="popup popup-text">
					<header class="title">
						<div class="row">
							<t t-esc="props.title"/>
						</div>
					</header>
                    <main class="body product_configurator_attributes col-lg-4 col-md-6 col-sm-12">
						<div class="row">
							<div>
								<span>Product Name</span>
							</div>
                            <div style="margin-top: 10px;">
								<input class="name" type="text" t-model="state.productValue" required=""/>
							</div>
						</div>
                        <br/>
                        <div class="row">
							<div>
								<span>Internal Reference</span>
							</div>
                            <div style="margin-top: 10px;">
								<input class="name" type="text" t-model="state.productRef" required=""/>
							</div>
						</div>
                        <br/>
						<div class="row">
							<div>
								<span>Product Price</span>
							</div>
                            <div style="margin-top: 10px;">
								<input class="price" type="text" t-model="state.priceValue" required=""/>
							</div>
						</div>
						<br/>
                        <div class="row">
							<div>
								<span>Product Type</span>
							</div>
                            <div style="margin-top: 10px;">
								<select class="type" style="width: 233px;height:46px" t-model="state.typeValue" required="">
									<option>Consumable</option>
                                    <option>Stockable</option>
                                    <option>Service</option>
								</select>
							</div>
						</div>
                        <br/>
						<div class="row">
							<div>
								<span>Unit Of Measure</span>
							</div>
							<div style="margin-top: 10px;">
								<select class="type" style="width: 233px;height:46px" t-model="state.unitValue" required="">
									<t t-foreach="env.pos.units" t-as="item" t-key="item.name">
										<option t-att-value="item.id" t-esc="item.name"/>
									</t>
								</select>
							</div>
						</div>
						<br/>
						<div class="row">
							<div>
								<span>Product Category</span>
							</div>
							<div style="margin-top: 10px;">
								<select class="type" style="width: 233px;height:46px" t-model="state.categoryValue" required="">
									<t t-foreach="env.pos.product_categories" t-as="item" t-key="item.name">
										<option t-att-value="item.id" t-esc="item.name"/>
									</t>
								</select>
							</div>
						</div>
					</main>
                    <footer class="footer">
						<div style="color: white;background: #6EC89B;border-color: transparent;" class="button confirm"
                             t-on-click="confirm">
                        	Create Product
                    	</div>
                        <div style="color:white;background:#D25B5B;border-color: transparent;" class="button cancel"
                             t-on-click="cancel">
							Cancel
						</div>
					</footer>
				</div>
			</Draggable>
		</div>
	</t>
</templates>